got, 0.035880, 0.024962
posit, 0.001220, 0.001664
until, 0.012448, 0.001815
yall, 0.004271, 0.007564
tsa, 0.003417, 0.002118
sound, 0.001953, 0.001664
also, 0.011472, 0.005749
bird, 0.000000, 0.001815
last, 0.027703, 0.011649
goe, 0.002075, 0.002118
websit, 0.016353, 0.003480
submit, 0.003173, 0.001664
tri, 0.057847, 0.015129
storm, 0.003295, 0.001967
may, 0.004760, 0.004236
were, 0.033317, 0.014523
usair, 0.004638, 0.001815
man, 0.001831, 0.001815
afternoon, 0.001831, 0.002118
huge, 0.002441, 0.002874
someon, 0.023310, 0.006354
post, 0.003173, 0.001967
run, 0.006346, 0.004387
might, 0.006224, 0.003328
visit, 0.000000, 0.002421
connect, 0.030022, 0.009834
fortunemagazin, 0.000000, 0.001815
area, 0.002197, 0.001815
imagin, 0.000000, 0.002421
year, 0.009519, 0.010136
expect, 0.007567, 0.003933
becaus, 0.035270, 0.003631
rock, 0.000000, 0.006354
yeah, 0.004149, 0.001513
situat, 0.003417, 0.001815
earli, 0.007933, 0.004236
found, 0.006712, 0.003782
chicago, 0.005126, 0.005900
finger, 0.000000, 0.002269
stuck, 0.019282, 0.001815
bring, 0.003051, 0.005446
top, 0.002929, 0.001815
too, 0.019526, 0.011800
correct, 0.003905, 0.003177
worri, 0.002441, 0.005144
super, 0.002075, 0.003026
wouldnt, 0.005370, 0.001513
tweet, 0.008421, 0.007564
frustrat, 0.015499, 0.002118
market, 0.000000, 0.001967
yr, 0.003173, 0.001513
quick, 0.002075, 0.007564
suggest, 0.003417, 0.001967
wifi, 0.011472, 0.004387
went, 0.005736, 0.003177
wife, 0.008055, 0.003026
okay, 0.002197, 0.003026
left, 0.014279, 0.008926
minut, 0.038077, 0.004992
hope, 0.017330, 0.014977
gave, 0.006590, 0.002572
end, 0.005980, 0.003480
trip, 0.017452, 0.013011
prioriti, 0.003173, 0.001513
via, 0.006956, 0.007867
land, 0.014767, 0.008472
put, 0.014889, 0.004387
special, 0.001220, 0.002118
hook, 0.000000, 0.001513
passeng, 0.020503, 0.008321
flew, 0.003173, 0.002723
didnt, 0.020381, 0.006051
deserv, 0.000000, 0.002874
nyc, 0.005370, 0.003328
parti, 0.000000, 0.002269
miss, 0.043080, 0.007413
we, 0.092629, 0.042360
listen, 0.002197, 0.001967
video, 0.001587, 0.001815
well, 0.014279, 0.013918
passbook, 0.000000, 0.003480
servic, 0.091897, 0.034342
music, 0.000000, 0.001513
definit, 0.001220, 0.002572
theyr, 0.004271, 0.001815
best, 0.007567, 0.018759
depart, 0.007200, 0.004690
program, 0.002197, 0.001815
shes, 0.001831, 0.002874
gate, 0.051623, 0.016944
row, 0.006590, 0.002118
total, 0.005004, 0.001815
talk, 0.013180, 0.003328
media, 0.002563, 0.002421
atl, 0.002441, 0.002572
speak, 0.012204, 0.002269
ice, 0.002075, 0.002118
reflight, 0.004393, 0.002421
home, 0.023432, 0.015280
guess, 0.005980, 0.002118
husband, 0.002929, 0.001513
us, 0.059556, 0.031014
up, 0.067488, 0.025719
ur, 0.007567, 0.001967
tonight, 0.010495, 0.010893
ua, 0.020259, 0.008775
uk, 0.001220, 0.001664
carrieunderwood, 0.000000, 0.001967
nashvill, 0.001709, 0.003933
enjoy, 0.001587, 0.003328
board, 0.030876, 0.014070
second, 0.004271, 0.003933
ask, 0.014767, 0.006051
corpor, 0.001464, 0.001513
over, 0.041982, 0.007564
mileag, 0.002319, 0.001664
baggag, 0.022577, 0.005900
take, 0.032585, 0.015582
cross, 0.002075, 0.003026
tv, 0.003783, 0.001513
entertain, 0.002563, 0.001664
condit, 0.001220, 0.001513
impress, 0.001464, 0.003026
checkin, 0.005248, 0.002572
alway, 0.006956, 0.007716
hold, 0.077740, 0.005295
info, 0.012204, 0.006354
locat, 0.004393, 0.001967
announc, 0.004027, 0.002723
tix, 0.002441, 0.001967
cost, 0.006956, 0.002874
pictur, 0.000000, 0.001513
warm, 0.000000, 0.002723
to, 0.726507, 0.390772
figur, 0.004882, 0.002269
th, 0.004760, 0.006505
miami, 0.004393, 0.002269
leav, 0.018062, 0.007564
world, 0.002319, 0.004387
get, 0.143276, 0.063691
think, 0.013669, 0.009380
are, 0.091652, 0.050378
iah, 0.004271, 0.001967
deal, 0.006102, 0.006657
thing, 0.010251, 0.006657
sw, 0.003295, 0.003026
iad, 0.004149, 0.003480
team, 0.007200, 0.007110
st, 0.008787, 0.007262
thx, 0.005126, 0.009380
ipad, 0.000000, 0.001664
address, 0.004149, 0.003026
so, 0.065658, 0.051891
sort, 0.002075, 0.001513
rebook, 0.028069, 0.005598
least, 0.008787, 0.002118
the, 0.493654, 0.291679
ladygaga, 0.000000, 0.001815
newark, 0.003295, 0.004841
rt, 0.003173, 0.009985
selfi, 0.000000, 0.001513
clt, 0.007567, 0.004236
australia, 0.000000, 0.001513
carri, 0.003661, 0.003782
app, 0.009275, 0.005446
mint, 0.000000, 0.002118
airway, 0.005248, 0.006808
full, 0.008909, 0.001967
either, 0.003661, 0.001815
happi, 0.006468, 0.006203
offic, 0.002685, 0.001513
kudo, 0.000000, 0.003933
april, 0.000000, 0.001664
luggag, 0.029290, 0.002874
mine, 0.002197, 0.001815
mind, 0.001587, 0.001967
number, 0.020259, 0.013162
promo, 0.000000, 0.001967
summer, 0.000000, 0.001513
flightlat, 0.006468, 0.003177
frequent, 0.001831, 0.001513
possibl, 0.005248, 0.005749
welcom, 0.000000, 0.002572
want, 0.029534, 0.013464
such, 0.004760, 0.002572
provid, 0.006956, 0.004841
appli, 0.001587, 0.002572
pm, 0.016842, 0.004841
these, 0.004638, 0.004085
cool, 0.003905, 0.004690
soon, 0.003539, 0.005598
ani, 0.028557, 0.029803
and, 0.338296, 0.134644
week, 0.016231, 0.009077
southwest, 0.004760, 0.008321
mile, 0.014035, 0.007564
imaginedragon, 0.000000, 0.006959
atlanta, 0.000000, 0.004085
luv, 0.001464, 0.003631
or, 0.040639, 0.022239
game, 0.000000, 0.001513
on, 0.332560, 0.151891
earlier, 0.006102, 0.006203
ride, 0.001587, 0.002118
ok, 0.005370, 0.008472
space, 0.003173, 0.001513
there, 0.051013, 0.032980
oh, 0.005492, 0.005598
amp, 0.057359, 0.024660
of, 0.183427, 0.088502
system, 0.018062, 0.001815
conf, 0.001709, 0.001664
march, 0.000000, 0.002874
pls, 0.005492, 0.002572
song, 0.000000, 0.001664
destin, 0.005980, 0.003328
delta, 0.006224, 0.003480
no, 0.155968, 0.027534
rate, 0.002197, 0.001664
nonstop, 0.001587, 0.002118
enough, 0.006956, 0.002269
wall, 0.000000, 0.004085
offer, 0.011228, 0.006959
doesnt, 0.018672, 0.003782
ladi, 0.001587, 0.002269
treat, 0.007933, 0.001815
nd, 0.005248, 0.001664
all, 0.052722, 0.026021
come, 0.015255, 0.009985
now, 0.098487, 0.030106
some, 0.015011, 0.010741
point, 0.010984, 0.005900
not, 0.160117, 0.035401
base, 0.000000, 0.001664
my, 0.288016, 0.131619
friday, 0.001953, 0.002269
issu, 0.029046, 0.007564
process, 0.005004, 0.002118
flight, 0.429949, 0.184871
southwestair, 0.005980, 0.008472
noth, 0.016964, 0.002118
note, 0.003051, 0.001664
me, 0.161582, 0.085023
though, 0.006468, 0.005749
togeth, 0.005736, 0.003026
cold, 0.001953, 0.002723
peopl, 0.029046, 0.007262
lt, 0.000000, 0.002572
thru, 0.004515, 0.002723
rep, 0.012814, 0.002874
la, 0.002441, 0.003480
dragon, 0.000000, 0.003631
mayb, 0.006468, 0.003328
wait, 0.080547, 0.012405
form, 0.004638, 0.001513
premier, 0.001953, 0.001513
ceo, 0.001220, 0.005144
air, 0.011228, 0.007262
rdu, 0.002075, 0.001967
great, 0.009763, 0.037519
phx, 0.004638, 0.002421
airport, 0.031364, 0.015734
probabl, 0.002929, 0.001967
onli, 0.030144, 0.012708
couldnt, 0.011106, 0.001815
phl, 0.009275, 0.005144
first, 0.019282, 0.015582
includ, 0.001587, 0.002421
jetblu, 0.019038, 0.038729
weekend, 0.001831, 0.003026
still, 0.058091, 0.013767
perfect, 0.000000, 0.001513
status, 0.008177, 0.005900
travel, 0.026483, 0.022995
lot, 0.007689, 0.004085
it, 0.207713, 0.117398
is, 0.254332, 0.108018
im, 0.065536, 0.032678
in, 0.210276, 0.117852
loung, 0.001587, 0.003026
lol, 0.002441, 0.004992
current, 0.004149, 0.004690
wasnt, 0.009397, 0.002572
photo, 0.000000, 0.002269
ago, 0.011960, 0.004387
if, 0.048450, 0.032829
id, 0.008055, 0.006354
while, 0.008421, 0.003177
oper, 0.004027, 0.002269
hr, 0.013302, 0.001513
turn, 0.005248, 0.001513
citi, 0.005492, 0.002118
dure, 0.004271, 0.003631
been, 0.092873, 0.014372
isnt, 0.010862, 0.002118
about, 0.044423, 0.020424
hi, 0.002929, 0.010439
open, 0.007933, 0.007262
food, 0.006956, 0.002118
site, 0.008543, 0.003782
hawaii, 0.000000, 0.001967
pretti, 0.003539, 0.002118
he, 0.011350, 0.007564
blue, 0.002807, 0.003177
month, 0.006468, 0.004992
understand, 0.011472, 0.003480
catch, 0.002197, 0.001967
gt, 0.003661, 0.001815
around, 0.005858, 0.002118
go, 0.053698, 0.026929
car, 0.006590, 0.002269
denver, 0.005858, 0.004690
incred, 0.001831, 0.001815
becom, 0.000000, 0.001815
can, 0.076641, 0.072617
social, 0.001464, 0.002572
question, 0.005004, 0.006505
compani, 0.008665, 0.002723
pdx, 0.000000, 0.001815
virgin, 0.001220, 0.002421
class, 0.008177, 0.008775
youv, 0.005614, 0.001815
your, 0.176837, 0.067474
their, 0.019160, 0.007262
discount, 0.000000, 0.002572
despit, 0.002075, 0.002421
where, 0.016964, 0.006959
fl, 0.002075, 0.001967
problem, 0.027947, 0.010741
easi, 0.002197, 0.003026
you, 0.303759, 0.237519
apolog, 0.008665, 0.002118
add, 0.005004, 0.006959
pilot, 0.011594, 0.006657
ever, 0.024164, 0.006657
here, 0.026483, 0.010439
even, 0.030510, 0.009531
wsj, 0.000000, 0.001664
folk, 0.002319, 0.001815
origin, 0.004515, 0.002421
wonder, 0.003051, 0.006354
earn, 0.001953, 0.001513
destinationdragon, 0.001464, 0.010439
birthday, 0.001831, 0.002572
code, 0.001953, 0.002118
believ, 0.005370, 0.002269
loyal, 0.004760, 0.001967
job, 0.004760, 0.007262
abov, 0.000000, 0.001815
answer, 0.020747, 0.002572
night, 0.014157, 0.005900
do, 0.074201, 0.057035
deliv, 0.005126, 0.002118
dm, 0.011594, 0.022239
plane, 0.070661, 0.019818
cancel, 0.110203, 0.020726
august, 0.000000, 0.001513
updat, 0.016109, 0.007262
pay, 0.018672, 0.004841
hrs, 0.035636, 0.001513
abl, 0.008543, 0.007262
away, 0.005248, 0.004085
dc, 0.004027, 0.003933
rais, 0.000000, 0.001815
read, 0.002929, 0.002723
new, 0.016353, 0.019365
american, 0.005248, 0.004992
contact, 0.010618, 0.004992
americanair, 0.006590, 0.006051
tomorrow, 0.020991, 0.019667
outstand, 0.000000, 0.001815
through, 0.018550, 0.009228
this, 0.121064, 0.057640
differ, 0.010984, 0.003631
high, 0.003173, 0.002874
thank, 0.046986, 0.193343
other, 0.021357, 0.008472
phone, 0.046986, 0.009077
after, 0.046619, 0.012405
fun, 0.002441, 0.002118
by, 0.034904, 0.015129
almost, 0.010251, 0.001664
serious, 0.010495, 0.001815
sunday, 0.003417, 0.002572
philli, 0.004882, 0.002269
kind, 0.003173, 0.002421
famili, 0.007200, 0.004539
sinc, 0.018306, 0.003782
be, 0.120332, 0.060666
realli, 0.027581, 0.010136
bc, 0.010251, 0.001664
wow, 0.003173, 0.002421
handl, 0.006590, 0.002572
longer, 0.006346, 0.001513
at, 0.131560, 0.058245
as, 0.040639, 0.022844
an, 0.094337, 0.030711
am, 0.047230, 0.023601
how, 0.055895, 0.026929
hot, 0.000000, 0.001513
have, 0.154259, 0.071104
use, 0.021601, 0.016641
charlott, 0.005370, 0.002874
down, 0.010862, 0.006051
ad, 0.003173, 0.003177
usa, 0.000000, 0.001664
lga, 0.004271, 0.002269
mani, 0.008421, 0.005446
aa, 0.023188, 0.013162
forward, 0.001953, 0.005144
swa, 0.003417, 0.003631
intern, 0.004027, 0.004992
daili, 0.000000, 0.002118
pleas, 0.038931, 0.035552
snack, 0.000000, 0.001967
help, 0.086893, 0.047655
which, 0.010251, 0.002723
hotel, 0.016598, 0.002421
columbus, 0.000000, 0.001664
start, 0.008543, 0.008321
love, 0.009275, 0.031619
iphon, 0.000000, 0.001815
refund, 0.017330, 0.005446
let, 0.023798, 0.010741
termin, 0.004882, 0.003480
ground, 0.008665, 0.002874
they, 0.064804, 0.022390
pick, 0.007200, 0.003328
leg, 0.004638, 0.002269
congrat, 0.000000, 0.001513
then, 0.032341, 0.008926
them, 0.022944, 0.009228
direct, 0.008421, 0.006203
record, 0.003661, 0.002269
short, 0.002441, 0.002118
past, 0.007567, 0.001815
pass, 0.008543, 0.008623
due, 0.025751, 0.004387
idea, 0.004760, 0.003480
extra, 0.009885, 0.002421
littl, 0.005492, 0.003480
back, 0.045277, 0.022844
ticket, 0.029534, 0.022390
make, 0.038809, 0.024054
dfwairport, 0.000000, 0.001513
part, 0.003051, 0.002118
receipt, 0.001953, 0.001513
remind, 0.000000, 0.001664
member, 0.007933, 0.003631
avail, 0.011960, 0.005144
clear, 0.003905, 0.002269
lost, 0.025995, 0.003631
hard, 0.005370, 0.002269
better, 0.015621, 0.007413
anyth, 0.011472, 0.005598
flightr, 0.017574, 0.001664
friend, 0.008543, 0.008169
thankyou, 0.000000, 0.001815
for, 0.326702, 0.192587
babi, 0.002563, 0.001513
flightl, 0.055284, 0.009380
sorri, 0.008909, 0.004085
claim, 0.011350, 0.002874
mean, 0.008299, 0.004085
next, 0.016842, 0.013616
delay, 0.107274, 0.013313
bwi, 0.002929, 0.002572
attend, 0.012448, 0.007867
jfk, 0.014645, 0.008321
yet, 0.014889, 0.004236
yes, 0.017208, 0.014523
jet, 0.003783, 0.003177
flyingitforward, 0.000000, 0.001815
stop, 0.010618, 0.003026
lax, 0.008665, 0.006959
win, 0.000000, 0.003480
glad, 0.003417, 0.004085
las, 0.002807, 0.003328
news, 0.001220, 0.002874
sign, 0.003173, 0.001967
asap, 0.003173, 0.001967
support, 0.003539, 0.002269
would, 0.043935, 0.027534
touch, 0.001220, 0.001967
that, 0.155602, 0.065658
suppos, 0.010984, 0.002421
awesom, 0.002075, 0.015885
his, 0.006224, 0.004539
than, 0.024408, 0.006354
assist, 0.006956, 0.003631
winter, 0.001464, 0.003328
him, 0.005370, 0.003177
but, 0.114596, 0.041150
repli, 0.005370, 0.006354
who, 0.016964, 0.010893
buy, 0.004515, 0.002572
price, 0.006102, 0.002874
find, 0.016353, 0.005295
whi, 0.061997, 0.011800
avgeek, 0.000000, 0.003177
just, 0.073835, 0.053101
sent, 0.011716, 0.013464
respons, 0.018306, 0.011195
busi, 0.016109, 0.004992
flt, 0.014157, 0.005446
respond, 0.007933, 0.003026
send, 0.009641, 0.007716
fll, 0.004027, 0.003026
btw, 0.001220, 0.002269
fli, 0.049182, 0.042663
luck, 0.002685, 0.002118
moment, 0.000000, 0.001513
money, 0.009885, 0.001967
save, 0.001709, 0.003328
option, 0.011716, 0.003782
place, 0.005858, 0.002118
son, 0.001587, 0.002269
yesterday, 0.010251, 0.003328
among, 0.000000, 0.001513
resolv, 0.004393, 0.002118
upgrad, 0.009885, 0.009077
smooth, 0.000000, 0.001815
took, 0.008299, 0.003480
caus, 0.007933, 0.002118
look, 0.018306, 0.020121
plus, 0.004882, 0.002874
inflight, 0.002441, 0.002874
fill, 0.003173, 0.001513
own, 0.005614, 0.001664
access, 0.002685, 0.002874
unit, 0.033805, 0.014826
fleet, 0.004027, 0.017852
under, 0.002929, 0.002723
dont, 0.050037, 0.013011
doe, 0.014889, 0.009228
fleek, 0.003783, 0.018154
anyon, 0.011960, 0.002118
bought, 0.003783, 0.001967
taken, 0.003295, 0.002421
alreadi, 0.015621, 0.007564
austin, 0.001587, 0.003328
done, 0.008909, 0.008472
long, 0.015987, 0.007413
phoenix, 0.001831, 0.001664
should, 0.029168, 0.010741
round, 0.002075, 0.001815
seattl, 0.000000, 0.001815
account, 0.007567, 0.003782
wed, 0.002563, 0.002118
tuesday, 0.003051, 0.001815
when, 0.056993, 0.026324
hey, 0.005248, 0.003933
advisori, 0.000000, 0.002572
hes, 0.001709, 0.001815
her, 0.014889, 0.010439
fix, 0.013669, 0.003026
out, 0.058335, 0.033283
beach, 0.000000, 0.001513
our, 0.053332, 0.037973
beauti, 0.000000, 0.003026
made, 0.015499, 0.011952
complet, 0.007567, 0.001513
trueblu, 0.000000, 0.001513
case, 0.004271, 0.001967
group, 0.004149, 0.002421
dmd, 0.000000, 0.001664
veri, 0.021235, 0.012708
each, 0.004882, 0.001513
profession, 0.000000, 0.001815
accept, 0.005004, 0.002118
domest, 0.001220, 0.002118
told, 0.029290, 0.003480
sky, 0.001464, 0.001513
care, 0.014523, 0.006354
card, 0.006468, 0.005295
houston, 0.005370, 0.001967
standbi, 0.004027, 0.002421
confirm, 0.010495, 0.008775
reason, 0.008909, 0.003026
hear, 0.004515, 0.004841
today, 0.032097, 0.023601
concern, 0.003783, 0.001815
head, 0.004027, 0.003480
bos, 0.005492, 0.004085
reschedul, 0.008055, 0.001664
custom, 0.092629, 0.025113
return, 0.008055, 0.004539
heard, 0.005248, 0.001967
email, 0.023920, 0.012859
work, 0.033195, 0.019970
way, 0.026361, 0.021483
agent, 0.042348, 0.010136
saturday, 0.001464, 0.002118
word, 0.004149, 0.002118
journal, 0.000000, 0.002421
usairway, 0.286307, 0.101664
was, 0.145716, 0.060212
what, 0.070295, 0.034796
ord, 0.007811, 0.003933
sweet, 0.000000, 0.001967
sit, 0.029778, 0.003933
staff, 0.016109, 0.007564
drive, 0.005004, 0.002269
live, 0.004393, 0.003026
smile, 0.000000, 0.001664
has, 0.046009, 0.014070
haha, 0.000000, 0.003480
few, 0.003051, 0.005446
must, 0.002685, 0.001967
had, 0.048938, 0.015431
middl, 0.002929, 0.001664
fee, 0.009641, 0.005295
feb, 0.002685, 0.002269
battl, 0.000000, 0.002572
weather, 0.026605, 0.012405
monday, 0.003661, 0.003177
did, 0.027581, 0.015129
vacat, 0.007567, 0.002572
readi, 0.002441, 0.003026
view, 0.000000, 0.003026
cant, 0.058213, 0.014221
she, 0.016598, 0.011195
notic, 0.002685, 0.001664
futur, 0.002807, 0.002572
voucher, 0.011960, 0.004387
child, 0.001464, 0.002421
runway, 0.006590, 0.001513
anyway, 0.002075, 0.001664
keep, 0.015621, 0.008926
appeas, 0.000000, 0.002118
seen, 0.002929, 0.001664
good, 0.017696, 0.023298
seem, 0.010251, 0.002572
actual, 0.009397, 0.003933
excit, 0.000000, 0.003328
club, 0.003173, 0.003328
list, 0.003295, 0.002269
wont, 0.019893, 0.002572
same, 0.014279, 0.006203
sfo, 0.006956, 0.006203
fantast, 0.000000, 0.002874
final, 0.010984, 0.008623
secur, 0.002563, 0.001513
from, 0.089578, 0.068381
without, 0.011350, 0.001815
twitter, 0.004882, 0.005598
dfw, 0.011106, 0.008018
call, 0.082988, 0.012557
rout, 0.002807, 0.004992
follow, 0.006834, 0.021331
one, 0.053332, 0.020272
nice, 0.008421, 0.010136
onc, 0.005980, 0.003026
know, 0.027093, 0.024811
set, 0.002441, 0.003026
snow, 0.004515, 0.007262
havent, 0.010373, 0.001967
fast, 0.000000, 0.001815
amaz, 0.001831, 0.013313
switch, 0.006102, 0.002118
see, 0.016475, 0.020877
befor, 0.018794, 0.007564
award, 0.003173, 0.003782
far, 0.005980, 0.003933
fan, 0.000000, 0.003026
commerci, 0.000000, 0.001967
bit, 0.002075, 0.001664
omg, 0.000000, 0.001967
den, 0.003051, 0.002572
both, 0.005736, 0.003631
messag, 0.008055, 0.003480
detail, 0.003051, 0.002421
winner, 0.000000, 0.001815
everi, 0.010984, 0.003480
big, 0.004638, 0.004992
stay, 0.007200, 0.002421
lovedragonss, 0.000000, 0.001513
crew, 0.018184, 0.013918
happen, 0.015377, 0.005446
fare, 0.003783, 0.003631
old, 0.006346, 0.004085
seat, 0.045765, 0.020424
expir, 0.002685, 0.001967
oscar, 0.002075, 0.002269
allow, 0.007811, 0.004387
mom, 0.002319, 0.002118
excel, 0.000000, 0.003480
said, 0.018184, 0.004085
experi, 0.020991, 0.006203
dca, 0.008787, 0.003933
boston, 0.006346, 0.004992
say, 0.031608, 0.009531
saw, 0.001220, 0.002723
give, 0.021113, 0.009228
drink, 0.002807, 0.002269
link, 0.006102, 0.003177
departur, 0.008787, 0.003782
san, 0.004638, 0.004992
order, 0.002197, 0.001513
line, 0.023066, 0.002874
ive, 0.035026, 0.006657
purchas, 0.004271, 0.002723
vega, 0.003783, 0.008321
day, 0.054552, 0.016339
orlando, 0.001709, 0.003328
everyth, 0.002807, 0.004539
dmed, 0.000000, 0.002118
event, 0.000000, 0.001513
dal, 0.000000, 0.001815
cours, 0.001953, 0.001967
jblu, 0.000000, 0.001815
absolut, 0.004393, 0.002269
time, 0.090066, 0.032224
reserv, 0.021479, 0.010439
effort, 0.000000, 0.001664
book, 0.040029, 0.024508
feel, 0.007811, 0.002572
safe, 0.001587, 0.003631
with, 0.129363, 0.067776
u, 0.029656, 0.012103
w, 0.015743, 0.004841
s, 0.003051, 0.003328
r, 0.002441, 0.002269
employe, 0.011350, 0.004236
wrong, 0.008299, 0.001513
need, 0.056993, 0.031619
p, 0.000000, 0.001513
n, 0.002075, 0.001664
schedul, 0.008177, 0.004690
k, 0.004882, 0.002269
i, 0.433244, 0.266112
america, 0.000000, 0.001815
d, 0.000000, 0.003328
name, 0.006590, 0.008775
c, 0.002563, 0.003480
b, 0.006956, 0.004690
a, 0.383939, 0.202874
move, 0.007933, 0.003782
surpris, 0.002319, 0.001513
wish, 0.002197, 0.004236
like, 0.036368, 0.021936
less, 0.006468, 0.001513
anoth, 0.026239, 0.008472
desk, 0.007200, 0.002572
dalla, 0.005736, 0.005295
daughter, 0.002197, 0.002421
cabin, 0.002807, 0.002572
girl, 0.000000, 0.001664
inform, 0.007078, 0.002723
relat, 0.004760, 0.001815
off, 0.026361, 0.010287
those, 0.005370, 0.005446
person, 0.013180, 0.003782
hello, 0.001953, 0.002118
charg, 0.013913, 0.003328
min, 0.041982, 0.003480
exact, 0.002075, 0.001815
again, 0.038443, 0.009682
guy, 0.030388, 0.025265
bag, 0.078960, 0.016339
prompt, 0.000000, 0.002118
south, 0.000000, 0.002118
true, 0.001587, 0.002421
bad, 0.019649, 0.004690
most, 0.007322, 0.003026
everyon, 0.008299, 0.002874
appreci, 0.007322, 0.015280
free, 0.008543, 0.009228
credit, 0.011472, 0.006203
flyfi, 0.000000, 0.001815
explain, 0.004271, 0.001513
promot, 0.000000, 0.001513
instead, 0.008299, 0.004236
morn, 0.010740, 0.011044
into, 0.012692, 0.008472
flyer, 0.004149, 0.001815
plan, 0.008421, 0.004539
more, 0.036002, 0.014826
two, 0.020991, 0.007262
between, 0.003661, 0.002118
pleasant, 0.000000, 0.001513
right, 0.016475, 0.011346
could, 0.018428, 0.013011
ewr, 0.007200, 0.002723
beyond, 0.003173, 0.002269
mobil, 0.002441, 0.001664
bday, 0.000000, 0.001513
airlin, 0.047352, 0.024357
arriv, 0.017940, 0.005749
someth, 0.006956, 0.004539
mexico, 0.001220, 0.001664
never, 0.033561, 0.006203
request, 0.006346, 0.004539
life, 0.004149, 0.003177
except, 0.003051, 0.001815
weve, 0.005980, 0.002269
met, 0.000000, 0.001513
show, 0.010984, 0.009077
chang, 0.038321, 0.021483
chanc, 0.004638, 0.007413
cheer, 0.000000, 0.001815
item, 0.002319, 0.001815
much, 0.011228, 0.020272
street, 0.000000, 0.002723
kid, 0.006956, 0.005446
continu, 0.004638, 0.001513
sure, 0.013791, 0.010287
flown, 0.002807, 0.002118
will, 0.054552, 0.050681
receiv, 0.010373, 0.004841
ill, 0.011960, 0.011649
watch, 0.004393, 0.003328
onlin, 0.019282, 0.005295
polici, 0.007078, 0.004690
safeti, 0.002197, 0.003026
tell, 0.021357, 0.006808
companion, 0.001464, 0.004539
drop, 0.005614, 0.002118
mco, 0.002685, 0.002421
share, 0.003173, 0.004236
thought, 0.004271, 0.003328
late, 0.045399, 0.007262
date, 0.002685, 0.004085
favorit, 0.000000, 0.002874
hour, 0.131804, 0.008623
virginamerica, 0.000000, 0.003328
check, 0.036856, 0.019667
size, 0.001220, 0.000000
forget, 0.001464, 0.000000
yyz, 0.001342, 0.000000
gotten, 0.001953, 0.000000
comput, 0.005736, 0.000000
somebodi, 0.001220, 0.000000
emerg, 0.001464, 0.000000
idiot, 0.001342, 0.000000
non, 0.002929, 0.000000
flightd, 0.002075, 0.000000
hous, 0.001220, 0.000000
begin, 0.001587, 0.000000
honest, 0.002441, 0.000000
ahead, 0.001342, 0.000000
mistak, 0.002441, 0.000000
unbeliev, 0.002197, 0.000000
myself, 0.002563, 0.000000
liter, 0.002807, 0.000000
disappear, 0.001342, 0.000000
unitedairlin, 0.004760, 0.000000
suitcas, 0.002563, 0.000000
control, 0.003173, 0.000000
real, 0.005980, 0.000000
screw, 0.005614, 0.000000
fund, 0.001587, 0.000000
jetway, 0.001831, 0.000000
unaccept, 0.010618, 0.000000
cab, 0.001709, 0.000000
wast, 0.006224, 0.000000
frozen, 0.001464, 0.000000
certain, 0.001953, 0.000000
exit, 0.001709, 0.000000
counter, 0.004760, 0.000000
doubt, 0.001220, 0.000000
load, 0.006346, 0.000000
fyi, 0.001342, 0.000000
doubl, 0.001464, 0.000000
known, 0.001342, 0.000000
economi, 0.001342, 0.000000
empti, 0.004760, 0.000000
previous, 0.001953, 0.000000
woman, 0.001464, 0.000000
knew, 0.003295, 0.000000
terribl, 0.012448, 0.000000
train, 0.004638, 0.000000
reward, 0.001831, 0.000000
water, 0.003783, 0.000000
appear, 0.001709, 0.000000
buffalo, 0.001220, 0.000000
tampa, 0.001220, 0.000000
learn, 0.003905, 0.000000
twice, 0.007567, 0.000000
major, 0.002197, 0.000000
accord, 0.001587, 0.000000
fuel, 0.001587, 0.000000
arent, 0.005248, 0.000000
walk, 0.002441, 0.000000
explan, 0.002929, 0.000000
frm, 0.001220, 0.000000
serv, 0.003173, 0.000000
insult, 0.001587, 0.000000
coach, 0.001587, 0.000000
damag, 0.002929, 0.000000
blame, 0.003051, 0.000000
fuck, 0.005492, 0.000000
repres, 0.002197, 0.000000
notifi, 0.003051, 0.000000
along, 0.001342, 0.000000
waiv, 0.001464, 0.000000
track, 0.002685, 0.000000
upset, 0.004393, 0.000000
solut, 0.002319, 0.000000
sens, 0.003539, 0.000000
bus, 0.001953, 0.000000
near, 0.002441, 0.000000
matter, 0.003051, 0.000000
manag, 0.004760, 0.000000
shitti, 0.001220, 0.000000
bump, 0.003539, 0.000000
yep, 0.001220, 0.000000
five, 0.001220, 0.000000
sell, 0.002075, 0.000000
faster, 0.001342, 0.000000
consist, 0.002075, 0.000000
sick, 0.002197, 0.000000
crappi, 0.001709, 0.000000
select, 0.003417, 0.000000
state, 0.003051, 0.000000
door, 0.004027, 0.000000
fit, 0.001831, 0.000000
rental, 0.001587, 0.000000
design, 0.001220, 0.000000
push, 0.002807, 0.000000
fire, 0.001587, 0.000000
merger, 0.002441, 0.000000
tmrw, 0.001709, 0.000000
internet, 0.001587, 0.000000
transfer, 0.003905, 0.000000
stress, 0.001831, 0.000000
ugh, 0.001953, 0.000000
bna, 0.002441, 0.000000
broken, 0.007567, 0.000000
cannot, 0.005370, 0.000000
given, 0.006346, 0.000000
offici, 0.001831, 0.000000
stand, 0.003173, 0.000000
fine, 0.003783, 0.000000
step, 0.002807, 0.000000
rerout, 0.002441, 0.000000
werent, 0.002563, 0.000000
msg, 0.001342, 0.000000
file, 0.004760, 0.000000
hundr, 0.001587, 0.000000
disast, 0.001587, 0.000000
complaint, 0.007567, 0.000000
pull, 0.002929, 0.000000
bin, 0.001831, 0.000000
faa, 0.001220, 0.000000
platinum, 0.003783, 0.000000
ual, 0.001342, 0.000000
badcustomerservic, 0.002197, 0.000000
room, 0.005980, 0.000000
unless, 0.001220, 0.000000
qualiti, 0.001220, 0.000000
mainten, 0.005858, 0.000000
tire, 0.003173, 0.000000
crap, 0.001587, 0.000000
slow, 0.002197, 0.000000
spent, 0.005492, 0.000000
refus, 0.005492, 0.000000
spend, 0.004638, 0.000000
text, 0.003173, 0.000000
midnight, 0.001587, 0.000000
yo, 0.001587, 0.000000
brother, 0.001464, 0.000000
search, 0.001220, 0.000000
entir, 0.005248, 0.000000
usual, 0.002929, 0.000000
wo, 0.002441, 0.000000
throw, 0.001342, 0.000000
prefer, 0.003051, 0.000000
anymor, 0.002563, 0.000000
strand, 0.010862, 0.000000
alon, 0.001831, 0.000000
till, 0.001464, 0.000000
mia, 0.002929, 0.000000
cust, 0.005614, 0.000000
wors, 0.007322, 0.000000
enter, 0.001953, 0.000000
addit, 0.001953, 0.000000
ignor, 0.002563, 0.000000
client, 0.001464, 0.000000
shot, 0.001587, 0.000000
bother, 0.003051, 0.000000
forev, 0.001464, 0.000000
kill, 0.002075, 0.000000
exist, 0.002319, 0.000000
inconveni, 0.005004, 0.000000
re, 0.002685, 0.000000
rd, 0.003051, 0.000000
epicfail, 0.001342, 0.000000
carryon, 0.001953, 0.000000
multipl, 0.003295, 0.000000
taxi, 0.001953, 0.000000
badservic, 0.002563, 0.000000
youll, 0.001709, 0.000000
incompet, 0.003661, 0.000000
paper, 0.001220, 0.000000
extrem, 0.003905, 0.000000
partner, 0.001709, 0.000000
compens, 0.007322, 0.000000
americanairlin, 0.002563, 0.000000
etc, 0.001464, 0.000000
onboard, 0.001342, 0.000000
fals, 0.001220, 0.000000
avoid, 0.001831, 0.000000
customerservic, 0.003417, 0.000000
fall, 0.001464, 0.000000
kept, 0.002563, 0.000000
nope, 0.003173, 0.000000
ny, 0.002563, 0.000000
troubl, 0.003539, 0.000000
nc, 0.001220, 0.000000
carousel, 0.001464, 0.000000
piss, 0.001709, 0.000000
compass, 0.001220, 0.000000
realiz, 0.001831, 0.000000
shit, 0.003905, 0.000000
mad, 0.001464, 0.000000
none, 0.002319, 0.000000
dirti, 0.001220, 0.000000
across, 0.001220, 0.000000
fair, 0.002075, 0.000000
three, 0.007689, 0.000000
fail, 0.016598, 0.000000
fraud, 0.001220, 0.000000
floor, 0.001587, 0.000000
estim, 0.001464, 0.000000
singl, 0.002319, 0.000000
clean, 0.002807, 0.000000
assign, 0.002441, 0.000000
fault, 0.004027, 0.000000
further, 0.001342, 0.000000
sever, 0.004271, 0.000000
express, 0.001342, 0.000000
kick, 0.001220, 0.000000
handler, 0.001220, 0.000000
useless, 0.002807, 0.000000
practic, 0.001220, 0.000000
shouldv, 0.001220, 0.000000
simpli, 0.001464, 0.000000
aircraft, 0.003173, 0.000000
els, 0.006102, 0.000000
ass, 0.001220, 0.000000
outsid, 0.001587, 0.000000
hasnt, 0.003539, 0.000000
fact, 0.003905, 0.000000
face, 0.002075, 0.000000
unhelp, 0.002929, 0.000000
freez, 0.001831, 0.000000
embarrass, 0.002075, 0.000000
action, 0.001342, 0.000000
light, 0.001464, 0.000000
cs, 0.002563, 0.000000
dollar, 0.002441, 0.000000
tho, 0.001464, 0.000000
remov, 0.001342, 0.000000
ppl, 0.003173, 0.000000
cc, 0.001709, 0.000000
stori, 0.002685, 0.000000
break, 0.002197, 0.000000
somewher, 0.001342, 0.000000
bs, 0.002807, 0.000000
polic, 0.001220, 0.000000
sleep, 0.005370, 0.000000
hung, 0.010129, 0.000000
bank, 0.002319, 0.000000
profit, 0.001587, 0.000000
aw, 0.007200, 0.000000
yell, 0.001831, 0.000000
interest, 0.001342, 0.000000
disgrac, 0.001587, 0.000000
poorservic, 0.001220, 0.000000
quit, 0.001220, 0.000000
dividend, 0.003051, 0.000000
callback, 0.002441, 0.000000
freak, 0.001220, 0.000000
plz, 0.002441, 0.000000
solv, 0.001342, 0.000000
awar, 0.001220, 0.000000
sold, 0.001220, 0.000000
intl, 0.001953, 0.000000
cover, 0.002807, 0.000000
requir, 0.001953, 0.000000
eat, 0.001709, 0.000000
unabl, 0.003539, 0.000000
resolut, 0.001464, 0.000000
disrespect, 0.001342, 0.000000
park, 0.001709, 0.000000
consid, 0.003051, 0.000000
howev, 0.002807, 0.000000
transport, 0.001587, 0.000000
cheap, 0.001464, 0.000000
tag, 0.003295, 0.000000
plenti, 0.001953, 0.000000
age, 0.001220, 0.000000
afford, 0.001342, 0.000000
joke, 0.005980, 0.000000
human, 0.006346, 0.000000
devic, 0.001220, 0.000000
disgust, 0.003051, 0.000000
log, 0.002075, 0.000000
accommod, 0.003417, 0.000000
match, 0.001464, 0.000000
feedback, 0.002319, 0.000000
advis, 0.002075, 0.000000
communic, 0.007200, 0.000000
overbook, 0.002075, 0.000000
miser, 0.001342, 0.000000
mention, 0.002563, 0.000000
per, 0.002075, 0.000000
nothappi, 0.001709, 0.000000
toward, 0.001587, 0.000000
infant, 0.001342, 0.000000
act, 0.001953, 0.000000
regard, 0.002319, 0.000000
h, 0.001587, 0.000000
y, 0.001464, 0.000000
x, 0.003783, 0.000000
four, 0.003173, 0.000000
prevent, 0.001220, 0.000000
f, 0.001709, 0.000000
e, 0.001342, 0.000000
ohar, 0.001587, 0.000000
power, 0.001953, 0.000000
wtf, 0.004760, 0.000000
ridicul, 0.010373, 0.000000
worth, 0.002685, 0.000000
pbi, 0.001220, 0.000000
courtesi, 0.001831, 0.000000
unhappi, 0.002685, 0.000000
nobodi, 0.001831, 0.000000
worst, 0.027825, 0.000000
indic, 0.001220, 0.000000
crazi, 0.004149, 0.000000
decis, 0.001464, 0.000000
lie, 0.005492, 0.000000
anywher, 0.002319, 0.000000
decid, 0.001953, 0.000000
pain, 0.001464, 0.000000
cloth, 0.004027, 0.000000
gonna, 0.003051, 0.000000
experienc, 0.002685, 0.000000
paid, 0.010495, 0.000000
insid, 0.001587, 0.000000
shame, 0.002929, 0.000000
simpl, 0.001464, 0.000000
forc, 0.005126, 0.000000
close, 0.005736, 0.000000
disconnect, 0.006590, 0.000000
usairwaysfail, 0.002929, 0.000000
page, 0.002929, 0.000000
repeat, 0.001709, 0.000000
gear, 0.001464, 0.000000
promis, 0.004271, 0.000000
level, 0.001587, 0.000000
legroom, 0.001220, 0.000000
advertis, 0.001220, 0.000000
drunk, 0.001464, 0.000000
svc, 0.002685, 0.000000
asham, 0.001220, 0.000000
hire, 0.002929, 0.000000
write, 0.001709, 0.000000
rather, 0.003905, 0.000000
window, 0.002929, 0.000000
overhead, 0.002807, 0.000000
crash, 0.001831, 0.000000
cell, 0.001342, 0.000000
spoke, 0.003173, 0.000000
technic, 0.001342, 0.000000
hit, 0.001464, 0.000000
zero, 0.003783, 0.000000
funni, 0.001709, 0.000000
insan, 0.001587, 0.000000
normal, 0.001587, 0.000000
attitud, 0.003417, 0.000000
discuss, 0.001220, 0.000000
shouldnt, 0.004271, 0.000000
error, 0.007200, 0.000000
angri, 0.001953, 0.000000
mechan, 0.009275, 0.000000
dog, 0.001464, 0.000000
charact, 0.001709, 0.000000
especi, 0.002075, 0.000000
attempt, 0.002563, 0.000000
trust, 0.001587, 0.000000
unfortun, 0.003417, 0.000000
lame, 0.001342, 0.000000
third, 0.001953, 0.000000
prepar, 0.001831, 0.000000
carrier, 0.002075, 0.000000
rule, 0.001831, 0.000000
wet, 0.001342, 0.000000
smh, 0.001953, 0.000000
equip, 0.002441, 0.000000
web, 0.002319, 0.000000
count, 0.007444, 0.000000
small, 0.002441, 0.000000
came, 0.002929, 0.000000
itinerari, 0.002563, 0.000000
captain, 0.001953, 0.000000
ski, 0.001220, 0.000000
ruin, 0.005248, 0.000000
clue, 0.001587, 0.000000
die, 0.001464, 0.000000
pathet, 0.002563, 0.000000
center, 0.002563, 0.000000
creat, 0.001342, 0.000000
six, 0.001342, 0.000000
letter, 0.003295, 0.000000
funer, 0.002319, 0.000000
front, 0.003295, 0.000000
play, 0.002319, 0.000000
broke, 0.002075, 0.000000
sister, 0.001587, 0.000000
unreal, 0.001342, 0.000000
neveragain, 0.003295, 0.000000
imposs, 0.002441, 0.000000
respect, 0.001220, 0.000000
hell, 0.002563, 0.000000
import, 0.001587, 0.000000
hate, 0.005248, 0.000000
held, 0.003051, 0.000000
horribl, 0.009397, 0.000000
extend, 0.001709, 0.000000
choos, 0.002441, 0.000000
youd, 0.001220, 0.000000
rude, 0.016720, 0.000000
replac, 0.001709, 0.000000
alert, 0.001709, 0.000000
reach, 0.005858, 0.000000
coffe, 0.001342, 0.000000
engin, 0.002075, 0.000000
lack, 0.007200, 0.000000
autom, 0.004760, 0.000000
absurd, 0.001587, 0.000000
traffic, 0.001342, 0.000000
overnight, 0.003173, 0.000000
patient, 0.001953, 0.000000
patienc, 0.001709, 0.000000
unfriendlyski, 0.001220, 0.000000
deplan, 0.002441, 0.000000
mess, 0.004760, 0.000000
sat, 0.005614, 0.000000
sad, 0.004882, 0.000000
complain, 0.001709, 0.000000
hang, 0.008787, 0.000000
hand, 0.002929, 0.000000
public, 0.001831, 0.000000
merg, 0.001953, 0.000000
choic, 0.002929, 0.000000
behind, 0.002563, 0.000000
altern, 0.002441, 0.000000
half, 0.008421, 0.000000
wheelchair, 0.001220, 0.000000
queue, 0.001587, 0.000000
report, 0.004027, 0.000000
tarmac, 0.009519, 0.000000
poor, 0.010740, 0.000000
flightat, 0.002563, 0.000000
annoy, 0.002441, 0.000000
onto, 0.001953, 0.000000
florida, 0.001220, 0.000000
notif, 0.003295, 0.000000
treatment, 0.001342, 0.000000
dept, 0.001831, 0.000000
unprofession, 0.002075, 0.000000
honor, 0.002319, 0.000000
understaf, 0.001342, 0.000000
reimburs, 0.003295, 0.000000
appar, 0.004027, 0.000000
whose, 0.001342, 0.000000
proper, 0.001709, 0.000000
deni, 0.002319, 0.000000
divert, 0.001220, 0.000000
gone, 0.002929, 0.000000
diff, 0.001831, 0.000000
incid, 0.001220, 0.000000
children, 0.001342, 0.000000
layov, 0.003539, 0.000000
bathroom, 0.001342, 0.000000
limit, 0.001587, 0.000000
rememb, 0.001953, 0.000000
immedi, 0.001342, 0.000000
chairman, 0.001464, 0.000000
expens, 0.002441, 0.000000
gold, 0.002929, 0.000000
deliveri, 0.001953, 0.000000
god, 0.001342, 0.000000
mileageplus, 0.001342, 0.000000
disappoint, 0.015377, 0.000000
confus, 0.001709, 0.000000
cut, 0.002929, 0.000000
auto, 0.002075, 0.000000
print, 0.001953, 0.000000
guarante, 0.001220, 0.000000
deic, 0.001831, 0.000000
philadelphia, 0.002319, 0.000000
meet, 0.003905, 0.000000
whole, 0.004271, 0.000000
phlairport, 0.001953, 0.000000
lose, 0.009763, 0.000000
cri, 0.001342, 0.000000
volum, 0.002929, 0.000000
forgot, 0.001831, 0.000000
jump, 0.001342, 0.000000
damn, 0.002197, 0.000000
honeymoon, 0.001220, 0.000000
fight, 0.001464, 0.000000
rent, 0.001587, 0.000000
excus, 0.003417, 0.000000
result, 0.001831, 0.000000
obvious, 0.001587, 0.000000
nasti, 0.001342, 0.000000
main, 0.001709, 0.000000
mail, 0.001220, 0.000000
meal, 0.003295, 0.000000
mother, 0.001342, 0.000000
airplan, 0.002441, 0.000000
redeem, 0.001587, 0.000000
basic, 0.001587, 0.000000
within, 0.001342, 0.000000
gotta, 0.001220, 0.000000
shock, 0.001709, 0.000000
countri, 0.002929, 0.000000
dead, 0.001342, 0.000000
cater, 0.002441, 0.000000
straight, 0.001464, 0.000000
takeoff, 0.002441, 0.000000
screen, 0.001831, 0.000000
nightmar, 0.002563, 0.000000
stuff, 0.002197, 0.000000
failur, 0.002807, 0.000000
supervisor, 0.004149, 0.000000
improv, 0.002075, 0.000000
comp, 0.001464, 0.000000
suck, 0.012448, 0.000000
